{
    "HA-hi-liq": {
        "beta": 0.9386249724338022,
        "Z": 0.4709992940007061
    },
    "HA-one": {
        "beta": 0.8654697058832176,
        "Z": 0.6126632157192327
    },
    "HA-two": {
        "beta": 0.9309259084629765,
        "nu": 0.08909190912433046,
        "Z": 0.4709992940007061
    },
    "RA": {},
    "TA": {
        "mu": 0.48672465174999996
    },
    "BU": {
        "beta": 0.8654697058832176,
        "lamb": 0.5132753482500001
    },
    "TABU": {
        "beta": 0.8654697058832176,
        "mu": 0.2891401476614104,
        "lamb": 0.7220485818147131
    },
    "ZL": {
        "beta": 0.8654697058832176,
        "mu": 0.2891401476614104,
        "lamb": 0.7220485818147131
    }
}