{
    "HA-hi-liq": {
        "beta": 0.9386249724338022,
        "Z": 0.4709992940007061
    },
    "HA-one": {
        "beta": 0.865469705883188,
        "Z": 0.6126632157192385
    },
    "HA-two": {
        "beta": 0.9309259084629996,
        "nu": 0.08909190912437809,
        "Z": 0.4709992940007061
    },
    "RA": {},
    "TA": {
        "mu": 0.48672465174999996
    },
    "BU": {
        "beta": 0.865469705883188,
        "lamb": 0.5132753482500001
    },
    "TABU": {
        "beta": 0.865469705883188,
        "mu": 0.2891401476613486,
        "lamb": 0.7220485818146307
    },
    "ZL": {
        "beta": 0.865469705883188,
        "mu": 0.2891401476613486,
        "lamb": 0.7220485818146307
    }
}